{
  "songs": [
    {
      "title": "1904",
      "artist": "The Tallest Man on Earth",
      "year": "2012",
      "album": "There's No Leaving Now",
      "img_url": "https://raw.githubusercontent.com/YingZhang2015/cc/main/TheTallestManOnEarth.jpg"
    },
    {
      "title": "#40",
      "artist": "Dave Matthews",
      "year": "1999",
      "album": "Listener Supported",
      "img_url": "https://raw.githubusercontent.com/YingZhang2015/cc/main/DaveMatthews.jpg"
    },
    {
      "title": "40oz to Freedom",
      "artist": "Sublime",
      "year": "1996",
      "album": "40oz. to Freedom",
      "img_url": "https://raw.githubusercontent.com/YingZhang2015/cc/main/Sublime.jpg"
    },
    {
      "title": "#41",
      "artist": "Dave Matthews",
      "year": "1996",
      "album": "Crash",
      "img_url": "https://raw.githubusercontent.com/YingZhang2015/cc/main/DaveMatthews.jpg"
    },
    {
      "title": "American Girl",
      "artist": "Tom Petty",
      "year": "1977",
      "album": "Tom Petty and the Heartbreakers",
      "img_url": "https://raw.githubusercontent.com/YingZhang2015/cc/main/TomPetty.jpg"
    },
    {
      "title": "American Music",
      "artist": "Violent Femmes",
      "year": "1991",
      "album": "Why Do Birds Sing?",
      "img_url": "https://raw.githubusercontent.com/YingZhang2015/cc/main/ViolentFemmes.jpg"
    },
    {
      "title": "American Pie",
      "artist": "Don McLean",
      "year": "1972",
      "album": "American Pie",
      "img_url": "https://raw.githubusercontent.com/YingZhang2015/cc/main/DonMcLean.jpg"
    },
    {
      "title": "And it Stoned Me",
      "artist": "Van Morrison",
      "year": "1970",
      "album": "Moondance",
      "img_url": "https://raw.githubusercontent.com/YingZhang2015/cc/main/VanMorrison.jpg"
    },
    {
      "title": "A Sailor's Christmas",
      "artist": "Jimmy Buffett",
      "year": "1996",
      "album": "Christmas Island",
      "img_url": "https://raw.githubusercontent.com/YingZhang2015/cc/main/JimmyBuffett.jpg"
    },
    {
      "title": "Badfish",
      "artist": "Sublime",
      "year": "1996",
      "album": "40oz. to Freedom",
      "img_url": "https://raw.githubusercontent.com/YingZhang2015/cc/main/Sublime.jpg"
    },
    {
      "title": "Bad Blood",
      "artist": "Taylor Swift",
      "year": "2014",
      "album": "1989",
      "img_url": "https://raw.githubusercontent.com/YingZhang2015/cc/main/TaylorSwift.jpg"
    },
    {
      "title": "Bad Blood",
      "artist": "Kendrick Lamar",
      "year": "2015",
      "album": "To Pimp a Butterfly",
      "img_url": "https://raw.githubusercontent.com/YingZhang2015/cc/main/KendrickLamar.jpg"
    },
    {
      "title": "Banana Pancakes",
      "artist": "Jack Johnson",
      "year": "2005",
      "album": "In Between Dreams",
      "img_url": "https://raw.githubusercontent.com/YingZhang2015/cc/main/JackJohnson.jpg"
    },
    {
      "title": "Barefoot Children",
      "artist": "Jimmy Buffett",
      "year": "1995",
      "album": "Barometer Soup",
      "img_url": "https://raw.githubusercontent.com/YingZhang2015/cc/main/JimmyBuffett.jpg"
    },
    {
      "title": "Big Parade",
      "artist": "The Lumineers",
      "year": "2012",
      "album": "The Lumineers",
      "img_url": "https://raw.githubusercontent.com/YingZhang2015/cc/main/TheLumineers.jpg"
    },
    {
      "title": "Brown Eyed Girl",
      "artist": "Van Morrison",
      "year": "1967",
      "album": "Blowin' Your Mind!",
      "img_url": "https://raw.githubusercontent.com/YingZhang2015/cc/main/VanMorrison.jpg"
    },
    {
      "title": "Cape Canaveral",
      "artist": "Conor Oberst",
      "year": "2008",
      "album": "Conor Oberst",
      "img_url": "https://raw.githubusercontent.com/YingZhang2015/cc/main/ConorOberst.jpg"
    },
    {
      "title": "Carry On",
      "artist": "fun.",
      "year": "2012",
      "album": "Some Nights",
      "img_url": "https://raw.githubusercontent.com/YingZhang2015/cc/main/Fun.jpg"
    },
    {
      "title": "Catch the Wind",
      "artist": "Donovan",
      "year": "1965",
      "album": "What's Bin Did and What's Bin Hid",
      "img_url": "https://raw.githubusercontent.com/YingZhang2015/cc/main/Donovan.jpg"
    },
    {
      "title": "Cat's in the Cradle",
      "artist": "Harry Chapin",
      "year": "1974",
      "album": "Verities & Balderdash",
      "img_url": "https://raw.githubusercontent.com/YingZhang2015/cc/main/HarryChapin.jpg"
    },
    {
      "title": "Changes in Latitudes, Changes in Attitudes",
      "artist": "Jimmy Buffett",
      "year": "1977",
      "album": "Changes in Latitudes, Changes in Attitudes",
      "img_url": "https://raw.githubusercontent.com/YingZhang2015/cc/main/JimmyBuffett.jpg"
    },
    {
      "title": "Classy Girls",
      "artist": "The Lumineers",
      "year": "2012",
      "album": "The Lumineers",
      "img_url": "https://raw.githubusercontent.com/YingZhang2015/cc/main/TheLumineers.jpg"
    },
    {
      "title": "Creep",
      "artist": "Radiohead",
      "year": "1993",
      "album": "Pablo Honey",
      "img_url": "https://raw.githubusercontent.com/YingZhang2015/cc/main/Radiohead.jpg"
    },
    {
      "title": "Danny Boy",
      "artist": "Johnny Cash",
      "year": "2002",
      "album": "American IV: The Man Comes Around",
      "img_url": "https://raw.githubusercontent.com/YingZhang2015/cc/main/JohnnyCash.jpg"
    },
    {
      "title": "Darkness Between the Fireflies",
      "artist": "Mason Jennings",
      "year": "1997",
      "album": "Mason Jennings",
      "img_url": "https://raw.githubusercontent.com/YingZhang2015/cc/main/MasonJennings.jpg"
    },
    {
      "title": "Dead Sea",
      "artist": "The Lumineers",
      "year": "2012",
      "album": "The Lumineers",
      "img_url": "https://raw.githubusercontent.com/YingZhang2015/cc/main/TheLumineers.jpg"
    },
    {
      "title": "Delicate",
      "artist": "Taylor Swift",
      "year": "2017",
      "album": "Reputation",
      "img_url": "https://raw.githubusercontent.com/YingZhang2015/cc/main/TaylorSwift.jpg"
    },
    {
      "title": "Delicate",
      "artist": "Taylor Swift",
      "year": "2018",
      "album": "Reputation (Deluxe)",
      "img_url": "https://raw.githubusercontent.com/YingZhang2015/cc/main/TaylorSwift.jpg"
    },
    {
      "title": "Distantly in Love",
      "artist": "Jimmy Buffett",
      "year": "1983",
      "album": "One Particular Harbour",
      "img_url": "https://raw.githubusercontent.com/YingZhang2015/cc/main/JimmyBuffett.jpg"
    },
    {
      "title": "Don't Leave Me (Ne Me Quitte Pas)",
      "artist": "Regina Spektor",
      "year": "2012",
      "album": "What We Saw from the Cheap Seats",
      "img_url": "https://raw.githubusercontent.com/YingZhang2015/cc/main/ReginaSpektor.jpg"
    },
    {
      "title": "Don't Look Back in Anger",
      "artist": "Oasis",
      "year": "1996",
      "album": "(What's the Story) Morning Glory?",
      "img_url": "https://raw.githubusercontent.com/YingZhang2015/cc/main/Oasis.jpg"
    },
    {
      "title": "Don't Stop Believin'",
      "artist": "Journey",
      "year": "1981",
      "album": "Escape",
      "img_url": "https://raw.githubusercontent.com/YingZhang2015/cc/main/Journey.jpg"
    },
    {
      "title": "Doomsday",
      "artist": "Elvis Perkins",
      "year": "2009",
      "album": "Doomsday",
      "img_url": "https://raw.githubusercontent.com/YingZhang2015/cc/main/ElvisPerkins.jpg"
    },
    {
      "title": "Do You Remember",
      "artist": "Jack Johnson",
      "year": "2005",
      "album": "In Between Dreams",
      "img_url": "https://raw.githubusercontent.com/YingZhang2015/cc/main/JackJohnson.jpg"
    },
    {
      "title": "Drink the Water",
      "artist": "Jack Johnson",
      "year": "2001",
      "album": "Brushfire Fairytales",
      "img_url": "https://raw.githubusercontent.com/YingZhang2015/cc/main/JackJohnson.jpg"
    },
    {
      "title": "Emmylou",
      "artist": "First Aid Kit",
      "year": "2012",
      "album": "The Lion's Roar",
      "img_url": "https://raw.githubusercontent.com/YingZhang2015/cc/main/FirstAidKit.jpg"
    },
    {
      "title": "Fall Line",
      "artist": "Jack Johnson",
      "year": "2003",
      "album": "On and On",
      "img_url": "https://raw.githubusercontent.com/YingZhang2015/cc/main/JackJohnson.jpg"
    },
    {
      "title": "Father and Son",
      "artist": "Cat Stevens",
      "year": "1970",
      "album": "Tea for the Tillerman",
      "img_url": "https://raw.githubusercontent.com/YingZhang2015/cc/main/CatStevens.jpg"
    },
    {
      "title": "Flake",
      "artist": "Jack Johnson",
      "year": "2001",
      "album": "Brushfire Fairytales",
      "img_url": "https://raw.githubusercontent.com/YingZhang2015/cc/main/JackJohnson.jpg"
    },
    {
      "title": "Flapper Girl",
      "artist": "The Lumineers",
      "year": "2012",
      "album": "The Lumineers",
      "img_url": "https://raw.githubusercontent.com/YingZhang2015/cc/main/TheLumineers.jpg"
    },
    {
      "title": "Flowers in Your Hair",
      "artist": "The Lumineers",
      "year": "2012",
      "album": "The Lumineers",
      "img_url": "https://raw.githubusercontent.com/YingZhang2015/cc/main/TheLumineers.jpg"
    },
    {
      "title": "Folsom Prison Blues",
      "artist": "Johnny Cash",
      "year": "1957",
      "album": "With His Hot and Blue Guitar",
      "img_url": "https://raw.githubusercontent.com/YingZhang2015/cc/main/JohnnyCash.jpg"
    },
    {
      "title": "Free Fallin'",
      "artist": "Tom Petty",
      "year": "1989",
      "album": "Full Moon Fever",
      "img_url": "https://raw.githubusercontent.com/YingZhang2015/cc/main/TomPetty.jpg"
    },
    {
      "title": "Furr",
      "artist": "Blitzen Trapper",
      "year": "2008",
      "album": "Furr",
      "img_url": "https://raw.githubusercontent.com/YingZhang2015/cc/main/BlitzenTrapper.jpg"
    },
    {
      "title": "Get Well Cards",
      "artist": "Conor Oberst",
      "year": "2008",
      "album": "Conor Oberst",
      "img_url": "https://raw.githubusercontent.com/YingZhang2015/cc/main/ConorOberst.jpg"
    },
    {
      "title": "Gulf Coast Highway",
      "artist": "Emmylou Harris",
      "year": "2000",
      "album": "Red Dirt Girl",
      "img_url": "https://raw.githubusercontent.com/YingZhang2015/cc/main/EmmylouHarris.jpg"
    },
    {
      "title": "Half Light I",
      "artist": "Arcade Fire",
      "year": "2010",
      "album": "The Suburbs",
      "img_url": "https://raw.githubusercontent.com/YingZhang2015/cc/main/ArcadeFire.jpg"
    },
    {
      "title": "Half Light II (No Celebration)",
      "artist": "Arcade Fire",
      "year": "2010",
      "album": "The Suburbs",
      "img_url": "https://raw.githubusercontent.com/YingZhang2015/cc/main/ArcadeFire.jpg"
    },
    {
      "title": "Harvest",
      "artist": "Neil Young",
      "year": "1972",
      "album": "Harvest",
      "img_url": "https://raw.githubusercontent.com/YingZhang2015/cc/main/NeilYoung.jpg"
    },
    {
      "title": "Heart of Gold",
      "artist": "Neil Young",
      "year": "1972",
      "album": "Harvest",
      "img_url": "https://raw.githubusercontent.com/YingZhang2015/cc/main/NeilYoung.jpg"
    },
    {
      "title": "Here I Go Again",
      "artist": "Whitesnake",
      "year": "1982",
      "album": "Saints & Sinners",
      "img_url": "https://raw.githubusercontent.com/YingZhang2015/cc/main/Whitesnake.jpg"
    },
    {
      "title": "Hey Jealousy",
      "artist": "Gin Blossoms",
      "year": "1992",
      "album": "New Miserable Experience",
      "img_url": "https://raw.githubusercontent.com/YingZhang2015/cc/main/GinBlossoms.jpg"
    },
    {
      "title": "Hey Soul Sister",
      "artist": "Train",
      "year": "2009",
      "album": "Save Me, San Francisco",
      "img_url": "https://raw.githubusercontent.com/YingZhang2015/cc/main/Train.jpg"
    },
    {
      "title": "High and Dry",
      "artist": "Radiohead",
      "year": "1995",
      "album": "The Bends",
      "img_url": "https://raw.githubusercontent.com/YingZhang2015/cc/main/Radiohead.jpg"
    },
    {
      "title": "Ho Hey",
      "artist": "The Lumineers",
      "year": "2012",
      "album": "The Lumineers",
      "img_url": "https://raw.githubusercontent.com/YingZhang2015/cc/main/TheLumineers.jpg"
    },
    {
      "title": "Hollywood Forever Cemetery Sings",
      "artist": "Father John Misty",
      "year": "2012",
      "album": "Fear Fun",
      "img_url": "https://raw.githubusercontent.com/YingZhang2015/cc/main/FatherJohnMisty.jpg"
    },
    {
      "title": "Home",
      "artist": "Edward Sharpe & The Magnetic Zeros",
      "year": "2009",
      "album": "Up from Below",
      "img_url": "https://raw.githubusercontent.com/YingZhang2015/cc/main/EdwardSharpeAndTheMagneticZeroes.jpg"
    },
    {
      "title": "Honey Do",
      "artist": "Jimmy Buffett",
      "year": "1983",
      "album": "One Particular Harbour",
      "img_url": "https://raw.githubusercontent.com/YingZhang2015/cc/main/JimmyBuffett.jpg"
    },
    {
      "title": "Hospitals and Jails",
      "artist": "Mason Jennings",
      "year": "2002",
      "album": "Century Spring",
      "img_url": "https://raw.githubusercontent.com/YingZhang2015/cc/main/MasonJennings.jpg"
    },
    {
      "title": "Hotel California",
      "artist": "The Eagles",
      "year": "1977",
      "album": "Hotel California",
      "img_url": "https://raw.githubusercontent.com/YingZhang2015/cc/main/TheEagles.jpg"
    },
    {
      "title": "Hotel Yorba",
      "artist": "The White Stripes",
      "year": "2001",
      "album": "White Blood Cells",
      "img_url": "https://raw.githubusercontent.com/YingZhang2015/cc/main/TheWhiteStripes.jpg"
    },
    {
      "title": "I Feel Home",
      "artist": "OAR",
      "year": "1999",
      "album": "Risen",
      "img_url": "https://raw.githubusercontent.com/YingZhang2015/cc/main/OAR.jpg"
    },
    {
      "title": "I Knew You Were Trouble",
      "artist": "Taylor Swift",
      "year": "2012",
      "album": "Red",
      "img_url": "https://raw.githubusercontent.com/YingZhang2015/cc/main/TaylorSwift.jpg"
    },
    {
      "title": "I'm Writing a Novel",
      "artist": "Father John Misty",
      "year": "2012",
      "album": "Fear Fun",
      "img_url": "https://raw.githubusercontent.com/YingZhang2015/cc/main/FatherJohnMisty.jpg"
    },
    {
      "title": "Island in the Sun",
      "artist": "Weezer",
      "year": "2001",
      "album": "Weezer (The Green Album)",
      "img_url": "https://raw.githubusercontent.com/YingZhang2015/cc/main/Weezer.jpg"
    },
    {
      "title": "I Won't Give Up",
      "artist": "Jason Mraz",
      "year": "2012",
      "album": "Love is a Four Letter Word",
      "img_url": "https://raw.githubusercontent.com/YingZhang2015/cc/main/JasonMraz.jpg"
    },
    {
      "title": "I Won't Give Up",
      "artist": "Jason Mraz",
      "year": "2021",
      "album": "Lalalalovesongs (Re:2021)",
      "img_url": "https://raw.githubusercontent.com/YingZhang2015/cc/main/JasonMraz.jpg"
    },
    {
      "title": "Jack & Diane",
      "artist": "John Mellencamp",
      "year": "1982",
      "album": "American Fool",
      "img_url": "https://raw.githubusercontent.com/YingZhang2015/cc/main/JohnMellencamp.jpg"
    },
    {
      "title": "Karma Police",
      "artist": "Radiohead",
      "year": "1997",
      "album": "OK Computer",
      "img_url": "https://raw.githubusercontent.com/YingZhang2015/cc/main/Radiohead.jpg"
    },
    {
      "title": "King of Spain",
      "artist": "The Tallest Man on Earth",
      "year": "2010",
      "album": "The Wild Hunt",
      "img_url": "https://raw.githubusercontent.com/YingZhang2015/cc/main/TheTallestManOnEarth.jpg"
    },
    {
      "title": "King of the World",
      "artist": "First Aid Kit",
      "year": "2012",
      "album": "The Lion's Roar",
      "img_url": "https://raw.githubusercontent.com/YingZhang2015/cc/main/FirstAidKit.jpg"
    },
    {
      "title": "Lean On Me",
      "artist": "Bill Withers",
      "year": "1972",
      "album": "Still Bill",
      "img_url": "https://raw.githubusercontent.com/YingZhang2015/cc/main/BillWithers.jpg"
    },
    {
      "title": "Little Talks",
      "artist": "Of Monsters and Men",
      "year": "2012",
      "album": "My Head Is an Animal",
      "img_url": "https://raw.githubusercontent.com/YingZhang2015/cc/main/OfMonstersAndMen.jpg"
    },
    {
      "title": "Live and Die",
      "artist": "The Avett Brothers",
      "year": "2012",
      "album": "The Carpenter",
      "img_url": "https://raw.githubusercontent.com/YingZhang2015/cc/main/AvettBrothers.jpg"
    },
    {
      "title": "Lola",
      "artist": "The Kinks",
      "year": "1970",
      "album": "Lola Versus Powerman and the Moneygoround, Part One",
      "img_url": "https://raw.githubusercontent.com/YingZhang2015/cc/main/Kinks.jpg"
    },
    {
      "title": "Lonesome Town",
      "artist": "Ricky Nelson",
      "year": "1958",
      "album": "Ricky Sings Again",
      "img_url": "https://raw.githubusercontent.com/YingZhang2015/cc/main/RickyNelson.jpg"
    },
    {
      "title": "Love in the Library",
      "artist": "Jimmy Buffett",
      "year": "1994",
      "album": "Fruitcakes",
      "img_url": "https://raw.githubusercontent.com/YingZhang2015/cc/main/JimmyBuffett.jpg"
    },
    {
      "title": "Love Story",
      "artist": "Taylor Swift",
      "year": "2008",
      "album": "Fearless",
      "img_url": "https://raw.githubusercontent.com/YingZhang2015/cc/main/TaylorSwift.jpg"
    },
    {
      "title": "Margaritaville",
      "artist": "Jimmy Buffett",
      "year": "1977",
      "album": "Changes in Latitudes, Changes in Attitudes",
      "img_url": "https://raw.githubusercontent.com/YingZhang2015/cc/main/JimmyBuffett.jpg"
    },
    {
      "title": "Me and Julio Down by the Schoolyard",
      "artist": "Paul Simon",
      "year": "1972",
      "album": "Paul Simon",
      "img_url": "https://raw.githubusercontent.com/YingZhang2015/cc/main/PaulSimon.jpg"
    },
    {
      "title": "Migration",
      "artist": "Jimmy Buffett",
      "year": "1974",
      "album": "A1A",
      "img_url": "https://raw.githubusercontent.com/YingZhang2015/cc/main/JimmyBuffett.jpg"
    },
    {
      "title": "Moonshadow",
      "artist": "Cat Stevens",
      "year": "1971",
      "album": "Teaser and the Firecat",
      "img_url": "https://raw.githubusercontent.com/YingZhang2015/cc/main/CatStevens.jpg"
    },
    {
      "title": "Mudfootball",
      "artist": "Jack Johnson",
      "year": "2001",
      "album": "Brushfire Fairytales",
      "img_url": "https://raw.githubusercontent.com/YingZhang2015/cc/main/JackJohnson.jpg"
    },
    {
      "title": "My Antonia",
      "artist": "Emmylou Harris",
      "year": "2000",
      "album": "Red Dirt Girl",
      "img_url": "https://raw.githubusercontent.com/YingZhang2015/cc/main/EmmylouHarris.jpg"
    },
    {
      "title": "New Realization",
      "artist": "Sublime",
      "year": "1996",
      "album": "Sublime",
      "img_url": "https://raw.githubusercontent.com/YingZhang2015/cc/main/Sublime.jpg"
    },
    {
      "title": "No Surprises",
      "artist": "Radiohead",
      "year": "1997",
      "album": "OK Computer",
      "img_url": "https://raw.githubusercontent.com/YingZhang2015/cc/main/Radiohead.jpg"
    },
    {
      "title": "Nothing",
      "artist": "Mason Jennings",
      "year": "1997",
      "album": "Mason Jennings",
      "img_url": "https://raw.githubusercontent.com/YingZhang2015/cc/main/MasonJennings.jpg"
    },
    {
      "title": "Nothing Else Matters",
      "artist": "Metallica",
      "year": "1992",
      "album": "Metallica (The Black Album)",
      "img_url": "https://raw.githubusercontent.com/YingZhang2015/cc/main/Metallica.jpg"
    },
    {
      "title": "Only Son of the Ladiesman",
      "artist": "Father John Misty",
      "year": "2012",
      "album": "Fear Fun",
      "img_url": "https://raw.githubusercontent.com/YingZhang2015/cc/main/FatherJohnMisty.jpg"
    },
    {
      "title": "Out on the Weekend",
      "artist": "Neil Young",
      "year": "1972",
      "album": "Harvest",
      "img_url": "https://raw.githubusercontent.com/YingZhang2015/cc/main/NeilYoung.jpg"
    },
    {
      "title": "Party in the USA",
      "artist": "Miley Cyrus",
      "year": "2009",
      "album": "The Time of Our Lives",
      "img_url": "https://raw.githubusercontent.com/YingZhang2015/cc/main/MileyCyrus.jpg"
    },
    {
      "title": "Patience",
      "artist": "Guns N' Roses",
      "year": "1989",
      "album": "G N' R Lies",
      "img_url": "https://raw.githubusercontent.com/YingZhang2015/cc/main/GunsNRoses.jpg"
    },
    {
      "title": "Redemption Song",
      "artist": "Bob Marley",
      "year": "1980",
      "album": "Uprising",
      "img_url": "https://raw.githubusercontent.com/YingZhang2015/cc/main/BobMarley.jpg"
    },
    {
      "title": "Rivers of Babylon",
      "artist": "Sublime",
      "year": "1998",
      "album": "Acoustic: Bradley Nowell & Friends",
      "img_url": "https://raw.githubusercontent.com/YingZhang2015/cc/main/Sublime.jpg"
    },
    {
      "title": "Rivers of Babylon",
      "artist": "The Melodians",
      "year": "1970",
      "album": "Rivers of Babylon",
      "img_url": "https://raw.githubusercontent.com/YingZhang2015/cc/main/TheMelodians.jpg"
    },
    {
      "title": "Rivers of Babylon",
      "artist": "The Melodians",
      "year": "2003",
      "album": "Rivers of Babylon (Re-release)",
      "img_url": "https://raw.githubusercontent.com/YingZhang2015/cc/main/TheMelodians.jpg"
    },
    {
      "title": "Rocket Man",
      "artist": "Elton John",
      "year": "1972",
      "album": "Honky Château",
      "img_url": "https://raw.githubusercontent.com/YingZhang2015/cc/main/EltonJohn.jpg"
    },
    {
      "title": "Rodeo Clowns",
      "artist": "Jack Johnson",
      "year": "2003",
      "album": "On and On",
      "img_url": "https://raw.githubusercontent.com/YingZhang2015/cc/main/JackJohnson.jpg"
    },
    {
      "title": "Send My Fond Regards to Lonelyville",
      "artist": "Elvis Perkins",
      "year": "2009",
      "album": "Elvis Perkins in Dearland",
      "img_url": "https://raw.githubusercontent.com/YingZhang2015/cc/main/ElvisPerkins.jpg"
    },
    {
      "title": "Sentimental Heart",
      "artist": "She & Him",
      "year": "2008",
      "album": "Volume One",
      "img_url": "https://raw.githubusercontent.com/YingZhang2015/cc/main/SheAndHim.jpg"
    },
    {
      "title": "Shelter from the Storm",
      "artist": "Bob Dylan",
      "year": "1975",
      "album": "Blood on the Tracks",
      "img_url": "https://raw.githubusercontent.com/YingZhang2015/cc/main/BobDylan.jpg"
    },
    {
      "title": "Some Nights",
      "artist": "fun.",
      "year": "2012",
      "album": "Some Nights",
      "img_url": "https://raw.githubusercontent.com/YingZhang2015/cc/main/Fun.jpg"
    },
    {
      "title": "Somewhere Only We Know",
      "artist": "Keane",
      "year": "2004",
      "album": "Hopes and Fears",
      "img_url": "https://raw.githubusercontent.com/YingZhang2015/cc/main/Keane.jpg"
    },
    {
      "title": "Space Oddity",
      "artist": "David Bowie",
      "year": "1969",
      "album": "David Bowie (Space Oddity)",
      "img_url": "https://raw.githubusercontent.com/YingZhang2015/cc/main/DavidBowie.jpg"
    },
    {
      "title": "Stay or Leave",
      "artist": "Dave Matthews",
      "year": "2003",
      "album": "Some Devil",
      "img_url": "https://raw.githubusercontent.com/YingZhang2015/cc/main/DaveMatthews.jpg"
    },
    {
      "title": "Stubborn Love",
      "artist": "The Lumineers",
      "year": "2012",
      "album": "The Lumineers",
      "img_url": "https://raw.githubusercontent.com/YingZhang2015/cc/main/TheLumineers.jpg"
    },
    {
      "title": "Stuck in the Middle With You",
      "artist": "Stealers Wheel",
      "year": "1972",
      "album": "Stealers Wheel",
      "img_url": "https://raw.githubusercontent.com/YingZhang2015/cc/main/StealersWheel.jpg"
    },
    {
      "title": "Submarines",
      "artist": "The Lumineers",
      "year": "2012",
      "album": "The Lumineers",
      "img_url": "https://raw.githubusercontent.com/YingZhang2015/cc/main/TheLumineers.jpg"
    },
    {
      "title": "Sugar Mountain",
      "artist": "Neil Young",
      "year": "1977",
      "album": "Decade",
      "img_url": "https://raw.githubusercontent.com/YingZhang2015/cc/main/NeilYoung.jpg"
    },
    {
      "title": "Summer of '69",
      "artist": "Bryan Adams",
      "year": "1984",
      "album": "Reckless",
      "img_url": "https://raw.githubusercontent.com/YingZhang2015/cc/main/BryanAdams.jpg"
    },
    {
      "title": "Sweet Home Alabama",
      "artist": "Lynyrd Skynyrd",
      "year": "1974",
      "album": "Second Helping",
      "img_url": "https://raw.githubusercontent.com/YingZhang2015/cc/main/LynyrdSkynyrd.jpg"
    },
    {
      "title": "Tangled Up in Blue",
      "artist": "Bob Dylan",
      "year": "1975",
      "album": "Blood on the Tracks",
      "img_url": "https://raw.githubusercontent.com/YingZhang2015/cc/main/BobDylan.jpg"
    },
    {
      "title": "The Drugs Don't Work",
      "artist": "Ben Harper",
      "year": "2001",
      "album": "Live from Mars",
      "img_url": "https://raw.githubusercontent.com/YingZhang2015/cc/main/BenHarper.jpg"
    },
    {
      "title": "The General",
      "artist": "Dispatch",
      "year": "2000",
      "album": "Bang Bang",
      "img_url": "https://raw.githubusercontent.com/YingZhang2015/cc/main/Dispatch.jpg"
    },
    {
      "title": "The Lion's Roar",
      "artist": "First Aid Kit",
      "year": "2012",
      "album": "The Lion's Roar",
      "img_url": "https://raw.githubusercontent.com/YingZhang2015/cc/main/FirstAidKit.jpg"
    },
    {
      "title": "The Man in Me",
      "artist": "Bob Dylan",
      "year": "1970",
      "album": "New Morning",
      "img_url": "https://raw.githubusercontent.com/YingZhang2015/cc/main/BobDylan.jpg"
    },
    {
      "title": "The Mother We Share",
      "artist": "Chvrches",
      "year": "2013",
      "album": "The Bones of What You Believe",
      "img_url": "https://raw.githubusercontent.com/YingZhang2015/cc/main/Chvrches.jpg"
    },
    {
      "title": "The Needle and the Damage Done",
      "artist": "Neil Young",
      "year": "1972",
      "album": "Harvest",
      "img_url": "https://raw.githubusercontent.com/YingZhang2015/cc/main/NeilYoung.jpg"
    },
    {
      "title": "The Needle and the Damage Done",
      "artist": "The Pretenders",
      "year": "1995",
      "album": "The Isle of View",
      "img_url": "https://raw.githubusercontent.com/YingZhang2015/cc/main/ThePretenders.jpg"
    },
    {
      "title": "The Weather is Here, Wish You Were Beautiful",
      "artist": "Jimmy Buffett",
      "year": "1981",
      "album": "Coconut Telegraph",
      "img_url": "https://raw.githubusercontent.com/YingZhang2015/cc/main/JimmyBuffett.jpg"
    },
    {
      "title": "The Weight",
      "artist": "The Band",
      "year": "1968",
      "album": "Music from Big Pink",
      "img_url": "https://raw.githubusercontent.com/YingZhang2015/cc/main/TheBand.jpg"
    },
    {
      "title": "Tin Cup Chalice",
      "artist": "Jimmy Buffett",
      "year": "1974",
      "album": "A1A",
      "img_url": "https://raw.githubusercontent.com/YingZhang2015/cc/main/JimmyBuffett.jpg"
    },
    {
      "title": "Tiny Dancer",
      "artist": "Elton John",
      "year": "1971",
      "album": "Madman Across the Water",
      "img_url": "https://raw.githubusercontent.com/YingZhang2015/cc/main/EltonJohn.jpg"
    },
    {
      "title": "Trying to Reason with Hurricane Season",
      "artist": "Jimmy Buffett",
      "year": "1974",
      "album": "A1A",
      "img_url": "https://raw.githubusercontent.com/YingZhang2015/cc/main/JimmyBuffett.jpg"
    },
    {
      "title": "Under the Milky Way",
      "artist": "The Church",
      "year": "1988",
      "album": "Starfish",
      "img_url": "https://raw.githubusercontent.com/YingZhang2015/cc/main/TheChurch.jpg"
    },
    {
      "title": "Viva La Vida",
      "artist": "Coldplay",
      "year": "2008",
      "album": "Viva la Vida or Death and All His Friends",
      "img_url": "https://raw.githubusercontent.com/YingZhang2015/cc/main/Coldplay.jpg"
    },
    {
      "title": "Watching the Wheels",
      "artist": "John Lennon",
      "year": "1981",
      "album": "Double Fantasy",
      "img_url": "https://raw.githubusercontent.com/YingZhang2015/cc/main/JohnLennon.jpg"
    },
    {
      "title": "Way Over Yonder in the Minor Key",
      "artist": "Billy Bragg & Wilco",
      "year": "1998",
      "album": "Mermaid Avenue",
      "img_url": "https://raw.githubusercontent.com/YingZhang2015/cc/main/BillyBraggWilco.jpg"
    },
    {
      "title": "We Are Never Ever Getting Back Together",
      "artist": "Taylor Swift",
      "year": "2012",
      "album": "Red",
      "img_url": "https://raw.githubusercontent.com/YingZhang2015/cc/main/TaylorSwift.jpg"
    },
    {
      "title": "We Are Never Ever Getting Back Together",
      "artist": "Taylor Swift",
      "year": "2013",
      "album": "Red (Deluxe Edition)",
      "img_url": "https://raw.githubusercontent.com/YingZhang2015/cc/main/TaylorSwift.jpg"
    },
    {
      "title": "We're Going To Be Friends",
      "artist": "The White Stripes",
      "year": "2001",
      "album": "White Blood Cells",
      "img_url": "https://raw.githubusercontent.com/YingZhang2015/cc/main/TheWhiteStripes.jpg"
    },
    {
      "title": "What I Got",
      "artist": "Sublime",
      "year": "1996",
      "album": "Sublime",
      "img_url": "https://raw.githubusercontent.com/YingZhang2015/cc/main/Sublime.jpg"
    },
    {
      "title": "Wind and Walls",
      "artist": "The Tallest Man on Earth",
      "year": "2012",
      "album": "There's No Leaving Now",
      "img_url": "https://raw.githubusercontent.com/YingZhang2015/cc/main/TheTallestManOnEarth.jpg"
    },
    {
      "title": "With a Little Help From My Friends",
      "artist": "The Beatles",
      "year": "1967",
      "album": "Sgt. Pepper's Lonely Hearts Club Band",
      "img_url": "https://raw.githubusercontent.com/YingZhang2015/cc/main/TheBeatles.jpg"
    },
    {
      "title": "Ya Hey",
      "artist": "Vampire Weekend",
      "year": "2013",
      "album": "Modern Vampires of the City",
      "img_url": "https://raw.githubusercontent.com/YingZhang2015/cc/main/VampireWeekend.jpg"
    },
    {
      "title": "You Belong With Me",
      "artist": "Taylor Swift",
      "year": "2008",
      "album": "Fearless",
      "img_url": "https://raw.githubusercontent.com/YingZhang2015/cc/main/TaylorSwift.jpg"
    },
    {
      "title": "You Love Me",
      "artist": "DeVotchKa",
      "year": "2004",
      "album": "How It Ends",
      "img_url": "https://raw.githubusercontent.com/YingZhang2015/cc/main/DeVotchKa.jpg"
    }
  ]
}